amortized_laplace,1570563352.3197029,"[tensor(0.5000), tensor(-1.), tensor(-1.)]",0,1570563352.6398466,1213.7409456570942,"tensor(-0.0050, requires_grad=True)","tensor(-0.0050, requires_grad=True)","tensor(0.0050, requires_grad=True)",
amortized_laplace,1570563352.3197029,"[tensor(0.5000), tensor(-1.), tensor(-1.)]",10,1570563354.398168,1338.215430100759,"tensor(0.0123, requires_grad=True)","tensor(-0.0277, requires_grad=True)","tensor(0.0509, requires_grad=True)",
amortized_laplace,1570563352.3197029,"[tensor(0.5000), tensor(-1.), tensor(-1.)]",20,1570563356.0183446,1236.379961212476,"tensor(0.0206, requires_grad=True)","tensor(-0.0501, requires_grad=True)","tensor(0.0698, requires_grad=True)",
amortized_laplace,1570563352.3197029,"[tensor(0.5000), tensor(-1.), tensor(-1.)]",30,1570563357.593136,1395.9935930569966,"tensor(0.0199, requires_grad=True)","tensor(-0.0883, requires_grad=True)","tensor(0.0850, requires_grad=True)",
meanfield,1570563358.4179327,"[tensor(0.5000), tensor(-1.), tensor(-1.)]",0,1570563358.4358845,2237.9505800008774,"tensor(0.0050, requires_grad=True)","tensor(-0.0050, requires_grad=True)","tensor(0.0050, requires_grad=True)",
meanfield,1570563358.4179327,"[tensor(0.5000), tensor(-1.), tensor(-1.)]",10,1570563358.5884764,9104.807336588701,"tensor(-0.0076, requires_grad=True)","tensor(-0.0550, requires_grad=True)","tensor(0.0543, requires_grad=True)",
meanfield,1570563358.4179327,"[tensor(0.5000), tensor(-1.), tensor(-1.)]",20,1570563358.7291,7734.9924901127815,"tensor(0.0100, requires_grad=True)","tensor(-0.1050, requires_grad=True)","tensor(0.1030, requires_grad=True)",
meanfield,1570563358.4179327,"[tensor(0.5000), tensor(-1.), tensor(-1.)]",30,1570563358.8767068,303415.00083037216,"tensor(0.0191, requires_grad=True)","tensor(-0.1550, requires_grad=True)","tensor(0.1515, requires_grad=True)",
amortized_laplace,1570563358.935549,"[tensor(0.5000), tensor(-1.), tensor(-1.)]",0,1570563359.1679277,1869.9537766377134,"tensor(0.0050, requires_grad=True)","tensor(-0.0050, requires_grad=True)","tensor(-0.0050, requires_grad=True)",
amortized_laplace,1570563358.935549,"[tensor(0.5000), tensor(-1.), tensor(-1.)]",10,1570563361.0818243,1124.533958832423,"tensor(0.0360, requires_grad=True)","tensor(-0.0546, requires_grad=True)","tensor(0.0206, requires_grad=True)",
amortized_laplace,1570563358.935549,"[tensor(0.5000), tensor(-1.), tensor(-1.)]",20,1570563362.6805785,1229.3169752756755,"tensor(0.0608, requires_grad=True)","tensor(-0.1043, requires_grad=True)","tensor(0.0572, requires_grad=True)",
amortized_laplace,1570563358.935549,"[tensor(0.5000), tensor(-1.), tensor(-1.)]",30,1570563364.2169971,1121.519387523333,"tensor(0.0930, requires_grad=True)","tensor(-0.1514, requires_grad=True)","tensor(0.1047, requires_grad=True)",
meanfield,1570563364.9570208,"[tensor(0.5000), tensor(-1.), tensor(-1.)]",0,1570563364.9719803,39723.91949856281,"tensor(-0.0050, requires_grad=True)","tensor(-0.0050, requires_grad=True)","tensor(0.0050, requires_grad=True)",
meanfield,1570563364.9570208,"[tensor(0.5000), tensor(-1.), tensor(-1.)]",10,1570563365.1215804,6670.202055633067,"tensor(-0.0116, requires_grad=True)","tensor(-0.0550, requires_grad=True)","tensor(0.0540, requires_grad=True)",
meanfield,1570563364.9570208,"[tensor(0.5000), tensor(-1.), tensor(-1.)]",20,1570563365.2771657,2556.2758059899015,"tensor(0.0183, requires_grad=True)","tensor(-0.1050, requires_grad=True)","tensor(0.1034, requires_grad=True)",
meanfield,1570563364.9570208,"[tensor(0.5000), tensor(-1.), tensor(-1.)]",30,1570563365.4267845,1456.575986603896,"tensor(0.0514, requires_grad=True)","tensor(-0.1550, requires_grad=True)","tensor(0.1537, requires_grad=True)",
amortized_laplace,1570563537.644224,"[tensor(0.5000), tensor(-1.), tensor(-1.)]",0,1570563537.913504,1446.763067305088,"tensor(-0.0050, requires_grad=True)","tensor(0.0050, requires_grad=True)","tensor(-0.0050, requires_grad=True)",
amortized_laplace,1570563537.644224,"[tensor(0.5000), tensor(-1.), tensor(-1.)]",10,1570563540.1825035,1641.51182470719,"tensor(0.0219, requires_grad=True)","tensor(0.0028, requires_grad=True)","tensor(-0.0179, requires_grad=True)",
amortized_laplace,1570563537.644224,"[tensor(0.5000), tensor(-1.), tensor(-1.)]",20,1570563542.3387911,1372.8752297957737,"tensor(0.0540, requires_grad=True)","tensor(-0.0081, requires_grad=True)","tensor(-0.0189, requires_grad=True)",
amortized_laplace,1570563537.644224,"[tensor(0.5000), tensor(-1.), tensor(-1.)]",30,1570563544.4247594,1185.0591161847115,"tensor(0.0851, requires_grad=True)","tensor(-0.0456, requires_grad=True)","tensor(0.0051, requires_grad=True)",
amortized_laplace,1570563537.644224,"[tensor(0.5000), tensor(-1.), tensor(-1.)]",40,1570563546.5027683,1178.3550049463909,"tensor(0.0866, requires_grad=True)","tensor(-0.0817, requires_grad=True)","tensor(0.0324, requires_grad=True)",
amortized_laplace,1570563537.644224,"[tensor(0.5000), tensor(-1.), tensor(-1.)]",50,1570563548.601214,1207.923434495926,"tensor(0.1056, requires_grad=True)","tensor(-0.0886, requires_grad=True)","tensor(0.0291, requires_grad=True)",
amortized_laplace,1570563537.644224,"[tensor(0.5000), tensor(-1.), tensor(-1.)]",60,1570563550.6303585,1372.9417039354644,"tensor(0.1299, requires_grad=True)","tensor(-0.1174, requires_grad=True)","tensor(0.0406, requires_grad=True)",
amortized_laplace,1570563537.644224,"[tensor(0.5000), tensor(-1.), tensor(-1.)]",70,1570563552.6995878,1322.3804176648457,"tensor(0.1558, requires_grad=True)","tensor(-0.1463, requires_grad=True)","tensor(0.0603, requires_grad=True)",
amortized_laplace,1570563537.644224,"[tensor(0.5000), tensor(-1.), tensor(-1.)]",80,1570563554.689311,1376.6463048855464,"tensor(0.1700, requires_grad=True)","tensor(-0.1726, requires_grad=True)","tensor(0.0779, requires_grad=True)",
amortized_laplace,1570563537.644224,"[tensor(0.5000), tensor(-1.), tensor(-1.)]",90,1570563556.7144208,1473.790249387423,"tensor(0.1978, requires_grad=True)","tensor(-0.1917, requires_grad=True)","tensor(0.0962, requires_grad=True)",
amortized_laplace,1570563537.644224,"[tensor(0.5000), tensor(-1.), tensor(-1.)]",100,1570563558.758498,1488.1572376290958,"tensor(0.2310, requires_grad=True)","tensor(-0.2083, requires_grad=True)","tensor(0.1012, requires_grad=True)",
amortized_laplace,1570563537.644224,"[tensor(0.5000), tensor(-1.), tensor(-1.)]",110,1570563560.7657135,1487.847740471363,"tensor(0.2629, requires_grad=True)","tensor(-0.2401, requires_grad=True)","tensor(0.0943, requires_grad=True)",
amortized_laplace,1570563537.644224,"[tensor(0.5000), tensor(-1.), tensor(-1.)]",120,1570563562.7828314,1322.1722219189007,"tensor(0.2781, requires_grad=True)","tensor(-0.2573, requires_grad=True)","tensor(0.0956, requires_grad=True)",
amortized_laplace,1570563537.644224,"[tensor(0.5000), tensor(-1.), tensor(-1.)]",130,1570563564.8174105,1154.6256556312244,"tensor(0.2932, requires_grad=True)","tensor(-0.2899, requires_grad=True)","tensor(0.1095, requires_grad=True)",
amortized_laplace,1570563537.644224,"[tensor(0.5000), tensor(-1.), tensor(-1.)]",140,1570563566.857998,1152.7569087147713,"tensor(0.3178, requires_grad=True)","tensor(-0.3053, requires_grad=True)","tensor(0.1093, requires_grad=True)",
amortized_laplace,1570563537.644224,"[tensor(0.5000), tensor(-1.), tensor(-1.)]",150,1570563568.938473,1173.7252996961274,"tensor(0.3161, requires_grad=True)","tensor(-0.3369, requires_grad=True)","tensor(0.1150, requires_grad=True)",
amortized_laplace,1570563537.644224,"[tensor(0.5000), tensor(-1.), tensor(-1.)]",160,1570563571.048358,1594.4281094670296,"tensor(0.3347, requires_grad=True)","tensor(-0.3621, requires_grad=True)","tensor(0.1273, requires_grad=True)",
amortized_laplace,1570563537.644224,"[tensor(0.5000), tensor(-1.), tensor(-1.)]",170,1570563573.1078544,2982.6273178656897,"tensor(0.3463, requires_grad=True)","tensor(-0.3629, requires_grad=True)","tensor(0.1183, requires_grad=True)",
amortized_laplace,1570563537.644224,"[tensor(0.5000), tensor(-1.), tensor(-1.)]",180,1570563575.1932926,1536.5768362879753,"tensor(0.3504, requires_grad=True)","tensor(-0.3845, requires_grad=True)","tensor(0.1256, requires_grad=True)",
amortized_laplace,1570563537.644224,"[tensor(0.5000), tensor(-1.), tensor(-1.)]",190,1570563577.2522967,1336.96855956316,"tensor(0.3598, requires_grad=True)","tensor(-0.4132, requires_grad=True)","tensor(0.1418, requires_grad=True)",
amortized_laplace,1570563537.644224,"[tensor(0.5000), tensor(-1.), tensor(-1.)]",200,1570563579.3317592,1245.8883923093476,"tensor(0.3613, requires_grad=True)","tensor(-0.4527, requires_grad=True)","tensor(0.1669, requires_grad=True)",
amortized_laplace,1570563537.644224,"[tensor(0.5000), tensor(-1.), tensor(-1.)]",210,1570563581.4251816,1232.0906654993694,"tensor(0.3721, requires_grad=True)","tensor(-0.4800, requires_grad=True)","tensor(0.1684, requires_grad=True)",
amortized_laplace,1570563537.644224,"[tensor(0.5000), tensor(-1.), tensor(-1.)]",220,1570563583.4717286,1118.9352595408757,"tensor(0.3987, requires_grad=True)","tensor(-0.5014, requires_grad=True)","tensor(0.1606, requires_grad=True)",
amortized_laplace,1570563537.644224,"[tensor(0.5000), tensor(-1.), tensor(-1.)]",230,1570563585.5207593,1228.5182851751645,"tensor(0.4060, requires_grad=True)","tensor(-0.5284, requires_grad=True)","tensor(0.1791, requires_grad=True)",
amortized_laplace,1570563537.644224,"[tensor(0.5000), tensor(-1.), tensor(-1.)]",240,1570563587.574288,1294.3143357435863,"tensor(0.4201, requires_grad=True)","tensor(-0.5584, requires_grad=True)","tensor(0.2006, requires_grad=True)",
amortized_laplace,1570563537.644224,"[tensor(0.5000), tensor(-1.), tensor(-1.)]",250,1570563589.6397786,1672.7202194531756,"tensor(0.4413, requires_grad=True)","tensor(-0.5688, requires_grad=True)","tensor(0.2018, requires_grad=True)",
amortized_laplace,1570563537.644224,"[tensor(0.5000), tensor(-1.), tensor(-1.)]",260,1570563591.7361887,1613.5611871679623,"tensor(0.4434, requires_grad=True)","tensor(-0.5891, requires_grad=True)","tensor(0.2117, requires_grad=True)",
amortized_laplace,1570563537.644224,"[tensor(0.5000), tensor(-1.), tensor(-1.)]",270,1570563593.7537966,1254.7105989456177,"tensor(0.4388, requires_grad=True)","tensor(-0.6209, requires_grad=True)","tensor(0.2201, requires_grad=True)",
amortized_laplace,1570563537.644224,"[tensor(0.5000), tensor(-1.), tensor(-1.)]",280,1570563595.8243074,1247.5850372115772,"tensor(0.4383, requires_grad=True)","tensor(-0.6411, requires_grad=True)","tensor(0.2474, requires_grad=True)",
amortized_laplace,1570563537.644224,"[tensor(0.5000), tensor(-1.), tensor(-1.)]",290,1570563597.9018412,1070.1429623564084,"tensor(0.4553, requires_grad=True)","tensor(-0.6748, requires_grad=True)","tensor(0.2770, requires_grad=True)",
amortized_laplace,1570563537.644224,"[tensor(0.5000), tensor(-1.), tensor(-1.)]",300,1570563599.9624357,1246.2800093491871,"tensor(0.4778, requires_grad=True)","tensor(-0.7047, requires_grad=True)","tensor(0.2926, requires_grad=True)",
amortized_laplace,1570563537.644224,"[tensor(0.5000), tensor(-1.), tensor(-1.)]",310,1570563602.0090463,1381.5072530110676,"tensor(0.4723, requires_grad=True)","tensor(-0.7379, requires_grad=True)","tensor(0.3079, requires_grad=True)",
amortized_laplace,1570563537.644224,"[tensor(0.5000), tensor(-1.), tensor(-1.)]",320,1570563604.0491471,1108.3441969354947,"tensor(0.4647, requires_grad=True)","tensor(-0.7747, requires_grad=True)","tensor(0.3239, requires_grad=True)",
amortized_laplace,1570563537.644224,"[tensor(0.5000), tensor(-1.), tensor(-1.)]",330,1570563606.07679,1723.5155196189883,"tensor(0.4810, requires_grad=True)","tensor(-0.8212, requires_grad=True)","tensor(0.3518, requires_grad=True)",
amortized_laplace,1570563537.644224,"[tensor(0.5000), tensor(-1.), tensor(-1.)]",340,1570563608.0271199,1362.7616715431213,"tensor(0.4658, requires_grad=True)","tensor(-0.8541, requires_grad=True)","tensor(0.3854, requires_grad=True)",
amortized_laplace,1570563537.644224,"[tensor(0.5000), tensor(-1.), tensor(-1.)]",350,1570563610.0517566,1123.3353034655252,"tensor(0.4685, requires_grad=True)","tensor(-0.8855, requires_grad=True)","tensor(0.3922, requires_grad=True)",
amortized_laplace,1570563537.644224,"[tensor(0.5000), tensor(-1.), tensor(-1.)]",360,1570563612.0689366,2034.4913387298582,"tensor(0.4635, requires_grad=True)","tensor(-0.9145, requires_grad=True)","tensor(0.4222, requires_grad=True)",
amortized_laplace,1570563537.644224,"[tensor(0.5000), tensor(-1.), tensor(-1.)]",370,1570563614.1284766,1479.0545074542365,"tensor(0.4810, requires_grad=True)","tensor(-0.9457, requires_grad=True)","tensor(0.4384, requires_grad=True)",
amortized_laplace,1570563537.644224,"[tensor(0.5000), tensor(-1.), tensor(-1.)]",380,1570563616.201016,1397.0754356781642,"tensor(0.5012, requires_grad=True)","tensor(-0.9479, requires_grad=True)","tensor(0.4255, requires_grad=True)",
amortized_laplace,1570563537.644224,"[tensor(0.5000), tensor(-1.), tensor(-1.)]",390,1570563618.260556,1381.0735932389894,"tensor(0.5189, requires_grad=True)","tensor(-0.9484, requires_grad=True)","tensor(0.4050, requires_grad=True)",
amortized_laplace,1570563537.644224,"[tensor(0.5000), tensor(-1.), tensor(-1.)]",400,1570563620.29569,1217.0112354556718,"tensor(0.5337, requires_grad=True)","tensor(-0.9681, requires_grad=True)","tensor(0.4072, requires_grad=True)",
amortized_laplace,1570563537.644224,"[tensor(0.5000), tensor(-1.), tensor(-1.)]",410,1570563622.3991203,1050.6553786198297,"tensor(0.5313, requires_grad=True)","tensor(-0.9957, requires_grad=True)","tensor(0.4094, requires_grad=True)",
amortized_laplace,1570563537.644224,"[tensor(0.5000), tensor(-1.), tensor(-1.)]",420,1570563624.4556358,1326.4203966657321,"tensor(0.5278, requires_grad=True)","tensor(-1.0273, requires_grad=True)","tensor(0.4134, requires_grad=True)",
amortized_laplace,1570563537.644224,"[tensor(0.5000), tensor(-1.), tensor(-1.)]",430,1570563626.5320997,1252.776400486628,"tensor(0.5138, requires_grad=True)","tensor(-1.0699, requires_grad=True)","tensor(0.4410, requires_grad=True)",
amortized_laplace,1570563537.644224,"[tensor(0.5000), tensor(-1.), tensor(-1.)]",440,1570563628.6145716,1283.247431953748,"tensor(0.4910, requires_grad=True)","tensor(-1.1067, requires_grad=True)","tensor(0.4710, requires_grad=True)",
amortized_laplace,1570563537.644224,"[tensor(0.5000), tensor(-1.), tensor(-1.)]",450,1570563630.7110322,1340.7724243998528,"tensor(0.4768, requires_grad=True)","tensor(-1.1320, requires_grad=True)","tensor(0.4802, requires_grad=True)",
amortized_laplace,1570563537.644224,"[tensor(0.5000), tensor(-1.), tensor(-1.)]",460,1570563632.8164568,1403.7049197157226,"tensor(0.4601, requires_grad=True)","tensor(-1.1731, requires_grad=True)","tensor(0.4733, requires_grad=True)",
amortized_laplace,1570563537.644224,"[tensor(0.5000), tensor(-1.), tensor(-1.)]",470,1570563634.9088783,1384.1892506480217,"tensor(0.4602, requires_grad=True)","tensor(-1.1970, requires_grad=True)","tensor(0.4736, requires_grad=True)",
amortized_laplace,1570563537.644224,"[tensor(0.5000), tensor(-1.), tensor(-1.)]",480,1570563636.999565,1913.011796275775,"tensor(0.4572, requires_grad=True)","tensor(-1.2217, requires_grad=True)","tensor(0.4720, requires_grad=True)",
amortized_laplace,1570563537.644224,"[tensor(0.5000), tensor(-1.), tensor(-1.)]",490,1570563639.0271606,1441.6873431007068,"tensor(0.4647, requires_grad=True)","tensor(-1.2450, requires_grad=True)","tensor(0.4575, requires_grad=True)",
amortized_laplace,1570563537.644224,"[tensor(0.5000), tensor(-1.), tensor(-1.)]",500,1570563641.1036122,1662.7399561405182,"tensor(0.4701, requires_grad=True)","tensor(-1.2864, requires_grad=True)","tensor(0.4675, requires_grad=True)",
amortized_laplace,1570563537.644224,"[tensor(0.5000), tensor(-1.), tensor(-1.)]",510,1570563643.1721594,1388.8014923930168,"tensor(0.4729, requires_grad=True)","tensor(-1.3254, requires_grad=True)","tensor(0.4762, requires_grad=True)",
amortized_laplace,1570563537.644224,"[tensor(0.5000), tensor(-1.), tensor(-1.)]",520,1570563645.2312129,1521.715840578079,"tensor(0.4667, requires_grad=True)","tensor(-1.3568, requires_grad=True)","tensor(0.4851, requires_grad=True)",
amortized_laplace,1570563537.644224,"[tensor(0.5000), tensor(-1.), tensor(-1.)]",530,1570563647.3271496,1192.261763016383,"tensor(0.4759, requires_grad=True)","tensor(-1.3884, requires_grad=True)","tensor(0.5045, requires_grad=True)",
amortized_laplace,1570563537.644224,"[tensor(0.5000), tensor(-1.), tensor(-1.)]",540,1570563649.4634714,1331.70441309611,"tensor(0.4649, requires_grad=True)","tensor(-1.4104, requires_grad=True)","tensor(0.5172, requires_grad=True)",
amortized_laplace,1570563537.644224,"[tensor(0.5000), tensor(-1.), tensor(-1.)]",550,1570563651.5145829,1090.6947590112686,"tensor(0.4742, requires_grad=True)","tensor(-1.4391, requires_grad=True)","tensor(0.5190, requires_grad=True)",
amortized_laplace,1570563537.644224,"[tensor(0.5000), tensor(-1.), tensor(-1.)]",560,1570563653.591046,1181.5421198407807,"tensor(0.4737, requires_grad=True)","tensor(-1.4765, requires_grad=True)","tensor(0.5109, requires_grad=True)",
amortized_laplace,1570563537.644224,"[tensor(0.5000), tensor(-1.), tensor(-1.)]",570,1570563655.585223,1781.9613764683409,"tensor(0.4893, requires_grad=True)","tensor(-1.5065, requires_grad=True)","tensor(0.4950, requires_grad=True)",
meanfield,1570563656.3776147,"[tensor(0.5000), tensor(-1.), tensor(-1.)]",0,1570563656.397561,13025.831592261791,"tensor(0.0050, requires_grad=True)","tensor(-0.0050, requires_grad=True)","tensor(0.0050, requires_grad=True)",
meanfield,1570563656.3776147,"[tensor(0.5000), tensor(-1.), tensor(-1.)]",10,1570563656.5491555,7866.839688022932,"tensor(0.0368, requires_grad=True)","tensor(-0.0550, requires_grad=True)","tensor(0.0544, requires_grad=True)",
meanfield,1570563656.3776147,"[tensor(0.5000), tensor(-1.), tensor(-1.)]",20,1570563656.68978,24955.581441720326,"tensor(0.0383, requires_grad=True)","tensor(-0.1050, requires_grad=True)","tensor(0.1015, requires_grad=True)",
meanfield,1570563656.3776147,"[tensor(0.5000), tensor(-1.), tensor(-1.)]",30,1570563656.8333955,6513.204600652059,"tensor(0.0244, requires_grad=True)","tensor(-0.1550, requires_grad=True)","tensor(0.1513, requires_grad=True)",
meanfield,1570563656.3776147,"[tensor(0.5000), tensor(-1.), tensor(-1.)]",40,1570563656.9710276,1941.0553852518397,"tensor(0.0364, requires_grad=True)","tensor(-0.2050, requires_grad=True)","tensor(0.2010, requires_grad=True)",
meanfield,1570563656.3776147,"[tensor(0.5000), tensor(-1.), tensor(-1.)]",50,1570563657.1096573,9817.064068059128,"tensor(0.0358, requires_grad=True)","tensor(-0.2550, requires_grad=True)","tensor(0.2496, requires_grad=True)",
meanfield,1570563656.3776147,"[tensor(0.5000), tensor(-1.), tensor(-1.)]",60,1570563657.2553084,5253.631502787272,"tensor(0.0419, requires_grad=True)","tensor(-0.3050, requires_grad=True)","tensor(0.2990, requires_grad=True)",
meanfield,1570563656.3776147,"[tensor(0.5000), tensor(-1.), tensor(-1.)]",70,1570563657.3939378,2299.40760354201,"tensor(0.0652, requires_grad=True)","tensor(-0.3550, requires_grad=True)","tensor(0.3473, requires_grad=True)",
meanfield,1570563656.3776147,"[tensor(0.5000), tensor(-1.), tensor(-1.)]",80,1570563657.5305722,2386.5978262027106,"tensor(0.0827, requires_grad=True)","tensor(-0.4050, requires_grad=True)","tensor(0.3975, requires_grad=True)",
meanfield,1570563656.3776147,"[tensor(0.5000), tensor(-1.), tensor(-1.)]",90,1570563657.669205,6884.053095360598,"tensor(0.1118, requires_grad=True)","tensor(-0.4550, requires_grad=True)","tensor(0.4466, requires_grad=True)",
meanfield,1570563656.3776147,"[tensor(0.5000), tensor(-1.), tensor(-1.)]",100,1570563657.8058364,11681.137141843636,"tensor(0.1272, requires_grad=True)","tensor(-0.5050, requires_grad=True)","tensor(0.4954, requires_grad=True)",
meanfield,1570563656.3776147,"[tensor(0.5000), tensor(-1.), tensor(-1.)]",110,1570563657.9534428,2809.6076214909554,"tensor(0.1378, requires_grad=True)","tensor(-0.5550, requires_grad=True)","tensor(0.5448, requires_grad=True)",
meanfield,1570563656.3776147,"[tensor(0.5000), tensor(-1.), tensor(-1.)]",120,1570563658.0880835,6301.257991413276,"tensor(0.1360, requires_grad=True)","tensor(-0.6050, requires_grad=True)","tensor(0.5946, requires_grad=True)",
meanfield,1570563656.3776147,"[tensor(0.5000), tensor(-1.), tensor(-1.)]",130,1570563658.222698,6731.236484567325,"tensor(0.1354, requires_grad=True)","tensor(-0.6550, requires_grad=True)","tensor(0.6438, requires_grad=True)",
meanfield,1570563656.3776147,"[tensor(0.5000), tensor(-1.), tensor(-1.)]",140,1570563658.3573382,6741.986696362495,"tensor(0.1482, requires_grad=True)","tensor(-0.7050, requires_grad=True)","tensor(0.6944, requires_grad=True)",
meanfield,1570563656.3776147,"[tensor(0.5000), tensor(-1.), tensor(-1.)]",150,1570563658.4979875,3488.5578130284944,"tensor(0.1411, requires_grad=True)","tensor(-0.7550, requires_grad=True)","tensor(0.7418, requires_grad=True)",
meanfield,1570563656.3776147,"[tensor(0.5000), tensor(-1.), tensor(-1.)]",160,1570563658.6336,15883.803379456203,"tensor(0.1514, requires_grad=True)","tensor(-0.8050, requires_grad=True)","tensor(0.7913, requires_grad=True)",
meanfield,1570563656.3776147,"[tensor(0.5000), tensor(-1.), tensor(-1.)]",170,1570563658.7682652,8086.768719096979,"tensor(0.1555, requires_grad=True)","tensor(-0.8550, requires_grad=True)","tensor(0.8417, requires_grad=True)",
meanfield,1570563656.3776147,"[tensor(0.5000), tensor(-1.), tensor(-1.)]",180,1570563658.9029057,19332.892629683018,"tensor(0.1438, requires_grad=True)","tensor(-0.9050, requires_grad=True)","tensor(0.8897, requires_grad=True)",
meanfield,1570563656.3776147,"[tensor(0.5000), tensor(-1.), tensor(-1.)]",190,1570563659.0405385,19057.975800494354,"tensor(0.1373, requires_grad=True)","tensor(-0.9550, requires_grad=True)","tensor(0.9394, requires_grad=True)",
meanfield,1570563656.3776147,"[tensor(0.5000), tensor(-1.), tensor(-1.)]",200,1570563659.174177,17369.70258924365,"tensor(0.1445, requires_grad=True)","tensor(-1.0050, requires_grad=True)","tensor(0.9878, requires_grad=True)",
meanfield,1570563656.3776147,"[tensor(0.5000), tensor(-1.), tensor(-1.)]",210,1570563659.3197663,2419.8047645886736,"tensor(0.1600, requires_grad=True)","tensor(-1.0550, requires_grad=True)","tensor(1.0370, requires_grad=True)",
meanfield,1570563656.3776147,"[tensor(0.5000), tensor(-1.), tensor(-1.)]",220,1570563659.4564288,6155.605018983285,"tensor(0.1531, requires_grad=True)","tensor(-1.1050, requires_grad=True)","tensor(1.0862, requires_grad=True)",
meanfield,1570563656.3776147,"[tensor(0.5000), tensor(-1.), tensor(-1.)]",230,1570563659.5900688,3237.4266056219735,"tensor(0.1357, requires_grad=True)","tensor(-1.1550, requires_grad=True)","tensor(1.1351, requires_grad=True)",
meanfield,1570563656.3776147,"[tensor(0.5000), tensor(-1.), tensor(-1.)]",240,1570563659.7246857,5298.26097364227,"tensor(0.1282, requires_grad=True)","tensor(-1.2050, requires_grad=True)","tensor(1.1832, requires_grad=True)",
meanfield,1570563656.3776147,"[tensor(0.5000), tensor(-1.), tensor(-1.)]",250,1570563659.8593485,3215.2499878605204,"tensor(0.1278, requires_grad=True)","tensor(-1.2550, requires_grad=True)","tensor(1.2308, requires_grad=True)",
meanfield,1570563656.3776147,"[tensor(0.5000), tensor(-1.), tensor(-1.)]",260,1570563659.992994,11667.542255381743,"tensor(0.1243, requires_grad=True)","tensor(-1.3050, requires_grad=True)","tensor(1.2809, requires_grad=True)",
meanfield,1570563656.3776147,"[tensor(0.5000), tensor(-1.), tensor(-1.)]",270,1570563660.1395755,7329.093087951342,"tensor(0.1319, requires_grad=True)","tensor(-1.3550, requires_grad=True)","tensor(1.3284, requires_grad=True)",
meanfield,1570563656.3776147,"[tensor(0.5000), tensor(-1.), tensor(-1.)]",280,1570563660.2772322,3630.1158618927,"tensor(0.1429, requires_grad=True)","tensor(-1.4050, requires_grad=True)","tensor(1.3771, requires_grad=True)",
meanfield,1570563656.3776147,"[tensor(0.5000), tensor(-1.), tensor(-1.)]",290,1570563660.4527388,4024.0342475771904,"tensor(0.1279, requires_grad=True)","tensor(-1.4550, requires_grad=True)","tensor(1.4256, requires_grad=True)",
meanfield,1570563656.3776147,"[tensor(0.5000), tensor(-1.), tensor(-1.)]",300,1570563660.5923655,7932.741356372833,"tensor(0.1240, requires_grad=True)","tensor(-1.5050, requires_grad=True)","tensor(1.4738, requires_grad=True)",
meanfield,1570563656.3776147,"[tensor(0.5000), tensor(-1.), tensor(-1.)]",310,1570563660.739003,2471.8356825013952,"tensor(0.1293, requires_grad=True)","tensor(-1.5550, requires_grad=True)","tensor(1.5202, requires_grad=True)",
meanfield,1570563656.3776147,"[tensor(0.5000), tensor(-1.), tensor(-1.)]",320,1570563660.8752155,3599.327914406856,"tensor(0.1503, requires_grad=True)","tensor(-1.6050, requires_grad=True)","tensor(1.5670, requires_grad=True)",
meanfield,1570563656.3776147,"[tensor(0.5000), tensor(-1.), tensor(-1.)]",330,1570563661.011421,4449.277183214824,"tensor(0.1526, requires_grad=True)","tensor(-1.6550, requires_grad=True)","tensor(1.6176, requires_grad=True)",
meanfield,1570563656.3776147,"[tensor(0.5000), tensor(-1.), tensor(-1.)]",340,1570563661.1460526,16086.080440163612,"tensor(0.1614, requires_grad=True)","tensor(-1.7050, requires_grad=True)","tensor(1.6660, requires_grad=True)",
meanfield,1570563656.3776147,"[tensor(0.5000), tensor(-1.), tensor(-1.)]",350,1570563661.279698,3508.3102735479674,"tensor(0.1736, requires_grad=True)","tensor(-1.7550, requires_grad=True)","tensor(1.7104, requires_grad=True)",
meanfield,1570563656.3776147,"[tensor(0.5000), tensor(-1.), tensor(-1.)]",360,1570563661.414335,2867.889238744974,"tensor(0.1790, requires_grad=True)","tensor(-1.8050, requires_grad=True)","tensor(1.7602, requires_grad=True)",
meanfield,1570563656.3776147,"[tensor(0.5000), tensor(-1.), tensor(-1.)]",370,1570563661.5489762,12256.124452193577,"tensor(0.1852, requires_grad=True)","tensor(-1.8550, requires_grad=True)","tensor(1.8073, requires_grad=True)",
meanfield,1570563656.3776147,"[tensor(0.5000), tensor(-1.), tensor(-1.)]",380,1570563661.6826258,3110.4289078116417,"tensor(0.1842, requires_grad=True)","tensor(-1.9050, requires_grad=True)","tensor(1.8568, requires_grad=True)",
meanfield,1570563656.3776147,"[tensor(0.5000), tensor(-1.), tensor(-1.)]",390,1570563661.8172343,21653.303977350395,"tensor(0.1905, requires_grad=True)","tensor(-1.9550, requires_grad=True)","tensor(1.9057, requires_grad=True)",
meanfield,1570563656.3776147,"[tensor(0.5000), tensor(-1.), tensor(-1.)]",400,1570563661.95888,2574.8007148504257,"tensor(0.2033, requires_grad=True)","tensor(-2.0050, requires_grad=True)","tensor(1.9540, requires_grad=True)",
meanfield,1570563656.3776147,"[tensor(0.5000), tensor(-1.), tensor(-1.)]",410,1570563662.101501,9133.379360904295,"tensor(0.2137, requires_grad=True)","tensor(-2.0550, requires_grad=True)","tensor(2.0032, requires_grad=True)",
meanfield,1570563656.3776147,"[tensor(0.5000), tensor(-1.), tensor(-1.)]",420,1570563662.236139,7363.120087007683,"tensor(0.2363, requires_grad=True)","tensor(-2.1050, requires_grad=True)","tensor(2.0514, requires_grad=True)",
meanfield,1570563656.3776147,"[tensor(0.5000), tensor(-1.), tensor(-1.)]",430,1570563662.3727493,3403.40344363451,"tensor(0.2465, requires_grad=True)","tensor(-2.1550, requires_grad=True)","tensor(2.0981, requires_grad=True)",
meanfield,1570563656.3776147,"[tensor(0.5000), tensor(-1.), tensor(-1.)]",440,1570563662.5079105,4358.2598051428795,"tensor(0.2463, requires_grad=True)","tensor(-2.2050, requires_grad=True)","tensor(2.1431, requires_grad=True)",
meanfield,1570563656.3776147,"[tensor(0.5000), tensor(-1.), tensor(-1.)]",450,1570563662.641041,4376.06383595864,"tensor(0.2483, requires_grad=True)","tensor(-2.2550, requires_grad=True)","tensor(2.1874, requires_grad=True)",
meanfield,1570563656.3776147,"[tensor(0.5000), tensor(-1.), tensor(-1.)]",460,1570563662.7762547,25155.636993030705,"tensor(0.2506, requires_grad=True)","tensor(-2.3050, requires_grad=True)","tensor(2.2330, requires_grad=True)",
meanfield,1570563656.3776147,"[tensor(0.5000), tensor(-1.), tensor(-1.)]",470,1570563662.911922,2963.972576936086,"tensor(0.2504, requires_grad=True)","tensor(-2.3550, requires_grad=True)","tensor(2.2801, requires_grad=True)",
meanfield,1570563656.3776147,"[tensor(0.5000), tensor(-1.), tensor(-1.)]",480,1570563663.0455618,5838.726454118888,"tensor(0.2515, requires_grad=True)","tensor(-2.4050, requires_grad=True)","tensor(2.3273, requires_grad=True)",
meanfield,1570563656.3776147,"[tensor(0.5000), tensor(-1.), tensor(-1.)]",490,1570563663.179204,11200.822417120138,"tensor(0.2527, requires_grad=True)","tensor(-2.4550, requires_grad=True)","tensor(2.3760, requires_grad=True)",
meanfield,1570563656.3776147,"[tensor(0.5000), tensor(-1.), tensor(-1.)]",500,1570563663.3208,5254.875473896662,"tensor(0.2751, requires_grad=True)","tensor(-2.5050, requires_grad=True)","tensor(2.4234, requires_grad=True)",
meanfield,1570563656.3776147,"[tensor(0.5000), tensor(-1.), tensor(-1.)]",510,1570563663.4843626,2764.455251455307,"tensor(0.2768, requires_grad=True)","tensor(-2.5548, requires_grad=True)","tensor(2.4680, requires_grad=True)",
meanfield,1570563656.3776147,"[tensor(0.5000), tensor(-1.), tensor(-1.)]",520,1570563663.6309707,5493.011258482933,"tensor(0.2914, requires_grad=True)","tensor(-2.6046, requires_grad=True)","tensor(2.5164, requires_grad=True)",
meanfield,1570563656.3776147,"[tensor(0.5000), tensor(-1.), tensor(-1.)]",530,1570563663.775585,9056.63602421681,"tensor(0.3102, requires_grad=True)","tensor(-2.6548, requires_grad=True)","tensor(2.5641, requires_grad=True)",
meanfield,1570563656.3776147,"[tensor(0.5000), tensor(-1.), tensor(-1.)]",540,1570563663.9092276,25959.043829123177,"tensor(0.2960, requires_grad=True)","tensor(-2.7042, requires_grad=True)","tensor(2.6101, requires_grad=True)",
meanfield,1570563656.3776147,"[tensor(0.5000), tensor(-1.), tensor(-1.)]",550,1570563664.0428958,5662.121423820654,"tensor(0.2735, requires_grad=True)","tensor(-2.7534, requires_grad=True)","tensor(2.6569, requires_grad=True)",
meanfield,1570563656.3776147,"[tensor(0.5000), tensor(-1.), tensor(-1.)]",560,1570563664.175541,1615.8347827196121,"tensor(0.2652, requires_grad=True)","tensor(-2.8029, requires_grad=True)","tensor(2.7027, requires_grad=True)",
meanfield,1570563656.3776147,"[tensor(0.5000), tensor(-1.), tensor(-1.)]",570,1570563664.3081856,15648.780006448429,"tensor(0.2750, requires_grad=True)","tensor(-2.8521, requires_grad=True)","tensor(2.7488, requires_grad=True)",
meanfield,1570563656.3776147,"[tensor(0.5000), tensor(-1.), tensor(-1.)]",580,1570563664.4438322,2253.8606219887733,"tensor(0.2929, requires_grad=True)","tensor(-2.9007, requires_grad=True)","tensor(2.7935, requires_grad=True)",
meanfield,1570563656.3776147,"[tensor(0.5000), tensor(-1.), tensor(-1.)]",590,1570563664.577467,4620.498631219069,"tensor(0.2902, requires_grad=True)","tensor(-2.9498, requires_grad=True)","tensor(2.8387, requires_grad=True)",
meanfield,1570563656.3776147,"[tensor(0.5000), tensor(-1.), tensor(-1.)]",600,1570563664.7141087,4202.674038628737,"tensor(0.2843, requires_grad=True)","tensor(-2.9987, requires_grad=True)","tensor(2.8862, requires_grad=True)",
meanfield,1570563656.3776147,"[tensor(0.5000), tensor(-1.), tensor(-1.)]",610,1570563664.8587081,8777.550505856674,"tensor(0.2970, requires_grad=True)","tensor(-3.0481, requires_grad=True)","tensor(2.9329, requires_grad=True)",
meanfield,1570563656.3776147,"[tensor(0.5000), tensor(-1.), tensor(-1.)]",620,1570563664.996347,3405.9835455218954,"tensor(0.3183, requires_grad=True)","tensor(-3.0975, requires_grad=True)","tensor(2.9751, requires_grad=True)",
meanfield,1570563656.3776147,"[tensor(0.5000), tensor(-1.), tensor(-1.)]",630,1570563665.1299894,18000.663498361908,"tensor(0.3414, requires_grad=True)","tensor(-3.1467, requires_grad=True)","tensor(3.0211, requires_grad=True)",
meanfield,1570563656.3776147,"[tensor(0.5000), tensor(-1.), tensor(-1.)]",640,1570563665.2646308,9683.859611809254,"tensor(0.3319, requires_grad=True)","tensor(-3.1943, requires_grad=True)","tensor(3.0657, requires_grad=True)",
meanfield,1570563656.3776147,"[tensor(0.5000), tensor(-1.), tensor(-1.)]",650,1570563665.39927,2490.5537605285645,"tensor(0.3369, requires_grad=True)","tensor(-3.2428, requires_grad=True)","tensor(3.1078, requires_grad=True)",
meanfield,1570563656.3776147,"[tensor(0.5000), tensor(-1.), tensor(-1.)]",660,1570563665.535905,2567.9787903229394,"tensor(0.3585, requires_grad=True)","tensor(-3.2906, requires_grad=True)","tensor(3.1524, requires_grad=True)",
meanfield,1570563656.3776147,"[tensor(0.5000), tensor(-1.), tensor(-1.)]",670,1570563665.6695457,6333.253678997358,"tensor(0.3692, requires_grad=True)","tensor(-3.3352, requires_grad=True)","tensor(3.1975, requires_grad=True)",
meanfield,1570563656.3776147,"[tensor(0.5000), tensor(-1.), tensor(-1.)]",680,1570563665.8051853,1764.7885378599167,"tensor(0.3556, requires_grad=True)","tensor(-3.3828, requires_grad=True)","tensor(3.2421, requires_grad=True)",
meanfield,1570563656.3776147,"[tensor(0.5000), tensor(-1.), tensor(-1.)]",690,1570563665.9388037,9417.833579589924,"tensor(0.3467, requires_grad=True)","tensor(-3.4324, requires_grad=True)","tensor(3.2807, requires_grad=True)",
meanfield,1570563656.3776147,"[tensor(0.5000), tensor(-1.), tensor(-1.)]",700,1570563666.0734684,2412.519802749157,"tensor(0.3485, requires_grad=True)","tensor(-3.4806, requires_grad=True)","tensor(3.3203, requires_grad=True)",
meanfield,1570563656.3776147,"[tensor(0.5000), tensor(-1.), tensor(-1.)]",710,1570563666.2200768,5901.6714253127575,"tensor(0.3497, requires_grad=True)","tensor(-3.5292, requires_grad=True)","tensor(3.3581, requires_grad=True)",
meanfield,1570563656.3776147,"[tensor(0.5000), tensor(-1.), tensor(-1.)]",720,1570563666.3567011,5494.008184542258,"tensor(0.3468, requires_grad=True)","tensor(-3.5774, requires_grad=True)","tensor(3.4027, requires_grad=True)",
meanfield,1570563656.3776147,"[tensor(0.5000), tensor(-1.), tensor(-1.)]",730,1570563666.4983332,1572.1652199029922,"tensor(0.3494, requires_grad=True)","tensor(-3.6250, requires_grad=True)","tensor(3.4478, requires_grad=True)",
meanfield,1570563656.3776147,"[tensor(0.5000), tensor(-1.), tensor(-1.)]",740,1570563666.6319807,1035.9092572033405,"tensor(0.3521, requires_grad=True)","tensor(-3.6717, requires_grad=True)","tensor(3.4878, requires_grad=True)",
meanfield,1570563656.3776147,"[tensor(0.5000), tensor(-1.), tensor(-1.)]",750,1570563666.7666166,2176.7860011061034,"tensor(0.3614, requires_grad=True)","tensor(-3.7202, requires_grad=True)","tensor(3.5243, requires_grad=True)",
meanfield,1570563656.3776147,"[tensor(0.5000), tensor(-1.), tensor(-1.)]",760,1570563666.9012315,4623.791965981325,"tensor(0.3602, requires_grad=True)","tensor(-3.7701, requires_grad=True)","tensor(3.5561, requires_grad=True)",
meanfield,1570563656.3776147,"[tensor(0.5000), tensor(-1.), tensor(-1.)]",770,1570563667.0358963,3269.7795309027038,"tensor(0.3564, requires_grad=True)","tensor(-3.8178, requires_grad=True)","tensor(3.5975, requires_grad=True)",
meanfield,1570563656.3776147,"[tensor(0.5000), tensor(-1.), tensor(-1.)]",780,1570563667.1705384,3893.5137088100114,"tensor(0.3555, requires_grad=True)","tensor(-3.8654, requires_grad=True)","tensor(3.6300, requires_grad=True)",
meanfield,1570563656.3776147,"[tensor(0.5000), tensor(-1.), tensor(-1.)]",790,1570563667.3041875,1891.5102200309434,"tensor(0.3788, requires_grad=True)","tensor(-3.9133, requires_grad=True)","tensor(3.6657, requires_grad=True)",
meanfield,1570563656.3776147,"[tensor(0.5000), tensor(-1.), tensor(-1.)]",800,1570563667.4388194,8178.467927793662,"tensor(0.3933, requires_grad=True)","tensor(-3.9621, requires_grad=True)","tensor(3.6999, requires_grad=True)",
meanfield,1570563656.3776147,"[tensor(0.5000), tensor(-1.), tensor(-1.)]",810,1570563667.5884244,10377.788948198158,"tensor(0.3892, requires_grad=True)","tensor(-4.0103, requires_grad=True)","tensor(3.7413, requires_grad=True)",
meanfield,1570563656.3776147,"[tensor(0.5000), tensor(-1.), tensor(-1.)]",820,1570563667.7250307,7972.95229279995,"tensor(0.3841, requires_grad=True)","tensor(-4.0578, requires_grad=True)","tensor(3.7838, requires_grad=True)",
meanfield,1570563656.3776147,"[tensor(0.5000), tensor(-1.), tensor(-1.)]",830,1570563667.8596954,15211.902539332707,"tensor(0.3989, requires_grad=True)","tensor(-4.1056, requires_grad=True)","tensor(3.8167, requires_grad=True)",
meanfield,1570563656.3776147,"[tensor(0.5000), tensor(-1.), tensor(-1.)]",840,1570563667.9943347,2221.0589497784777,"tensor(0.3902, requires_grad=True)","tensor(-4.1531, requires_grad=True)","tensor(3.8414, requires_grad=True)",
meanfield,1570563656.3776147,"[tensor(0.5000), tensor(-1.), tensor(-1.)]",850,1570563668.132965,3649.0244675079985,"tensor(0.3886, requires_grad=True)","tensor(-4.2020, requires_grad=True)","tensor(3.8474, requires_grad=True)",
meanfield,1570563656.3776147,"[tensor(0.5000), tensor(-1.), tensor(-1.)]",860,1570563668.2676075,5751.645493239164,"tensor(0.3836, requires_grad=True)","tensor(-4.2489, requires_grad=True)","tensor(3.8710, requires_grad=True)",
meanfield,1570563656.3776147,"[tensor(0.5000), tensor(-1.), tensor(-1.)]",870,1570563668.402245,20422.69779524207,"tensor(0.3908, requires_grad=True)","tensor(-4.2993, requires_grad=True)","tensor(3.8967, requires_grad=True)",
meanfield,1570563656.3776147,"[tensor(0.5000), tensor(-1.), tensor(-1.)]",880,1570563668.536885,1601.8095924059548,"tensor(0.3684, requires_grad=True)","tensor(-4.3461, requires_grad=True)","tensor(3.9273, requires_grad=True)",
meanfield,1570563656.3776147,"[tensor(0.5000), tensor(-1.), tensor(-1.)]",890,1570563668.6725247,4795.178364396095,"tensor(0.3358, requires_grad=True)","tensor(-4.3938, requires_grad=True)","tensor(3.9426, requires_grad=True)",
meanfield,1570563656.3776147,"[tensor(0.5000), tensor(-1.), tensor(-1.)]",900,1570563668.8071632,4251.488447646299,"tensor(0.3207, requires_grad=True)","tensor(-4.4410, requires_grad=True)","tensor(3.9659, requires_grad=True)",
meanfield,1570563656.3776147,"[tensor(0.5000), tensor(-1.), tensor(-1.)]",910,1570563668.953776,11868.65319699049,"tensor(0.3062, requires_grad=True)","tensor(-4.4891, requires_grad=True)","tensor(3.9802, requires_grad=True)",
meanfield,1570563656.3776147,"[tensor(0.5000), tensor(-1.), tensor(-1.)]",920,1570563669.0884109,8701.52685624361,"tensor(0.2930, requires_grad=True)","tensor(-4.5355, requires_grad=True)","tensor(3.9837, requires_grad=True)",
meanfield,1570563656.3776147,"[tensor(0.5000), tensor(-1.), tensor(-1.)]",930,1570563669.2220542,3225.5633014440536,"tensor(0.2772, requires_grad=True)","tensor(-4.5838, requires_grad=True)","tensor(3.9983, requires_grad=True)",
meanfield,1570563656.3776147,"[tensor(0.5000), tensor(-1.), tensor(-1.)]",940,1570563669.3566947,1466.321784724792,"tensor(0.2906, requires_grad=True)","tensor(-4.6326, requires_grad=True)","tensor(4.0142, requires_grad=True)",
meanfield,1570563656.3776147,"[tensor(0.5000), tensor(-1.), tensor(-1.)]",950,1570563669.4913328,3655.8082023262978,"tensor(0.3107, requires_grad=True)","tensor(-4.6805, requires_grad=True)","tensor(4.0208, requires_grad=True)",
meanfield,1570563656.3776147,"[tensor(0.5000), tensor(-1.), tensor(-1.)]",960,1570563669.624953,2694.0103974938393,"tensor(0.3046, requires_grad=True)","tensor(-4.7285, requires_grad=True)","tensor(4.0203, requires_grad=True)",
meanfield,1570563656.3776147,"[tensor(0.5000), tensor(-1.), tensor(-1.)]",970,1570563669.7596173,1815.2177428404489,"tensor(0.3100, requires_grad=True)","tensor(-4.7781, requires_grad=True)","tensor(4.0215, requires_grad=True)",
meanfield,1570563656.3776147,"[tensor(0.5000), tensor(-1.), tensor(-1.)]",980,1570563669.8932602,3651.5015196601544,"tensor(0.3047, requires_grad=True)","tensor(-4.8283, requires_grad=True)","tensor(4.0120, requires_grad=True)",
meanfield,1570563656.3776147,"[tensor(0.5000), tensor(-1.), tensor(-1.)]",990,1570563670.0398688,12255.275743941467,"tensor(0.3143, requires_grad=True)","tensor(-4.8733, requires_grad=True)","tensor(4.0139, requires_grad=True)",
meanfield,1570563656.3776147,"[tensor(0.5000), tensor(-1.), tensor(-1.)]",1000,1570563670.176506,3719.62371096015,"tensor(0.3102, requires_grad=True)","tensor(-4.9177, requires_grad=True)","tensor(4.0169, requires_grad=True)",
meanfield,1570563656.3776147,"[tensor(0.5000), tensor(-1.), tensor(-1.)]",1010,1570563670.3221154,2562.6835475961366,"tensor(0.3114, requires_grad=True)","tensor(-4.9655, requires_grad=True)","tensor(4.0211, requires_grad=True)",
meanfield,1570563656.3776147,"[tensor(0.5000), tensor(-1.), tensor(-1.)]",1020,1570563670.4707172,2532.8120661179223,"tensor(0.3102, requires_grad=True)","tensor(-5.0121, requires_grad=True)","tensor(4.0122, requires_grad=True)",
meanfield,1570563656.3776147,"[tensor(0.5000), tensor(-1.), tensor(-1.)]",1030,1570563670.605358,4068.0887702206765,"tensor(0.2826, requires_grad=True)","tensor(-5.0615, requires_grad=True)","tensor(4.0268, requires_grad=True)",
meanfield,1570563656.3776147,"[tensor(0.5000), tensor(-1.), tensor(-1.)]",1040,1570563670.7399988,10735.775107443333,"tensor(0.2855, requires_grad=True)","tensor(-5.1090, requires_grad=True)","tensor(4.0300, requires_grad=True)",
meanfield,1570563656.3776147,"[tensor(0.5000), tensor(-1.), tensor(-1.)]",1050,1570563670.874639,1744.485575159391,"tensor(0.3190, requires_grad=True)","tensor(-5.1567, requires_grad=True)","tensor(4.0352, requires_grad=True)",
meanfield,1570563656.3776147,"[tensor(0.5000), tensor(-1.), tensor(-1.)]",1060,1570563671.0102513,1302.0990700125694,"tensor(0.3481, requires_grad=True)","tensor(-5.2051, requires_grad=True)","tensor(4.0420, requires_grad=True)",
meanfield,1570563656.3776147,"[tensor(0.5000), tensor(-1.), tensor(-1.)]",1070,1570563671.1449153,2391.4762304325895,"tensor(0.3665, requires_grad=True)","tensor(-5.2543, requires_grad=True)","tensor(4.0441, requires_grad=True)",
meanfield,1570563656.3776147,"[tensor(0.5000), tensor(-1.), tensor(-1.)]",1080,1570563671.2785573,1419.3688047627609,"tensor(0.3611, requires_grad=True)","tensor(-5.3031, requires_grad=True)","tensor(4.0584, requires_grad=True)",
meanfield,1570563656.3776147,"[tensor(0.5000), tensor(-1.), tensor(-1.)]",1090,1570563671.412201,15481.895097454388,"tensor(0.3621, requires_grad=True)","tensor(-5.3523, requires_grad=True)","tensor(4.0458, requires_grad=True)",
meanfield,1570563656.3776147,"[tensor(0.5000), tensor(-1.), tensor(-1.)]",1100,1570563671.5448465,1818.8218255639076,"tensor(0.3686, requires_grad=True)","tensor(-5.4001, requires_grad=True)","tensor(4.0154, requires_grad=True)",
meanfield,1570563656.3776147,"[tensor(0.5000), tensor(-1.), tensor(-1.)]",1110,1570563671.6904578,8851.897399485111,"tensor(0.3636, requires_grad=True)","tensor(-5.4458, requires_grad=True)","tensor(4.0019, requires_grad=True)",
amortized_laplace,1570563671.7582529,"[tensor(0.5000), tensor(-1.), tensor(-1.)]",0,1570563671.8380387,1352.3698181509972,"tensor(0.0050, requires_grad=True)","tensor(-0.0050, requires_grad=True)","tensor(-0.0050, requires_grad=True)",
amortized_laplace,1570563671.7582529,"[tensor(0.5000), tensor(-1.), tensor(-1.)]",10,1570563672.7765617,1142.14915060997,"tensor(0.0348, requires_grad=True)","tensor(-0.0535, requires_grad=True)","tensor(-0.0077, requires_grad=True)",
amortized_laplace,1570563671.7582529,"[tensor(0.5000), tensor(-1.), tensor(-1.)]",20,1570563673.5420225,1051.7032166719437,"tensor(0.0392, requires_grad=True)","tensor(-0.0927, requires_grad=True)","tensor(0.0245, requires_grad=True)",
amortized_laplace,1570563671.7582529,"[tensor(0.5000), tensor(-1.), tensor(-1.)]",30,1570563674.2352016,1232.3685975074768,"tensor(0.0514, requires_grad=True)","tensor(-0.1266, requires_grad=True)","tensor(0.0425, requires_grad=True)",
amortized_laplace,1570563671.7582529,"[tensor(0.5000), tensor(-1.), tensor(-1.)]",40,1570563674.9313555,1247.829848408699,"tensor(0.0718, requires_grad=True)","tensor(-0.1596, requires_grad=True)","tensor(0.0699, requires_grad=True)",
amortized_laplace,1570563671.7582529,"[tensor(0.5000), tensor(-1.), tensor(-1.)]",50,1570563675.5936222,1541.8762270212173,"tensor(0.0988, requires_grad=True)","tensor(-0.1905, requires_grad=True)","tensor(0.0913, requires_grad=True)",
amortized_laplace,1570563671.7582529,"[tensor(0.5000), tensor(-1.), tensor(-1.)]",60,1570563676.2723145,1388.1610865592957,"tensor(0.1210, requires_grad=True)","tensor(-0.2116, requires_grad=True)","tensor(0.0920, requires_grad=True)",
amortized_laplace,1570563671.7582529,"[tensor(0.5000), tensor(-1.), tensor(-1.)]",70,1570563676.9385645,1284.194552898407,"tensor(0.1329, requires_grad=True)","tensor(-0.2347, requires_grad=True)","tensor(0.0916, requires_grad=True)",
amortized_laplace,1570563671.7582529,"[tensor(0.5000), tensor(-1.), tensor(-1.)]",80,1570563677.6167667,1192.0020257234573,"tensor(0.1599, requires_grad=True)","tensor(-0.2573, requires_grad=True)","tensor(0.0847, requires_grad=True)",
amortized_laplace,1570563671.7582529,"[tensor(0.5000), tensor(-1.), tensor(-1.)]",90,1570563678.3069608,1450.091182231903,"tensor(0.1660, requires_grad=True)","tensor(-0.2939, requires_grad=True)","tensor(0.0853, requires_grad=True)",
amortized_laplace,1570563671.7582529,"[tensor(0.5000), tensor(-1.), tensor(-1.)]",100,1570563679.0065966,1429.1934242248535,"tensor(0.1717, requires_grad=True)","tensor(-0.3080, requires_grad=True)","tensor(0.0824, requires_grad=True)",
amortized_laplace,1570563671.7582529,"[tensor(0.5000), tensor(-1.), tensor(-1.)]",110,1570563679.7147381,1256.6356021165848,"tensor(0.1888, requires_grad=True)","tensor(-0.3328, requires_grad=True)","tensor(0.0960, requires_grad=True)",
amortized_laplace,1570563671.7582529,"[tensor(0.5000), tensor(-1.), tensor(-1.)]",120,1570563680.4238534,1543.0151824951172,"tensor(0.2109, requires_grad=True)","tensor(-0.3677, requires_grad=True)","tensor(0.1233, requires_grad=True)",
amortized_laplace,1570563671.7582529,"[tensor(0.5000), tensor(-1.), tensor(-1.)]",130,1570563681.0781353,1489.4347069263458,"tensor(0.2238, requires_grad=True)","tensor(-0.3833, requires_grad=True)","tensor(0.1283, requires_grad=True)",
amortized_laplace,1570563671.7582529,"[tensor(0.5000), tensor(-1.), tensor(-1.)]",140,1570563681.7024677,1394.0792571306229,"tensor(0.2277, requires_grad=True)","tensor(-0.4056, requires_grad=True)","tensor(0.1315, requires_grad=True)",
amortized_laplace,1570563671.7582529,"[tensor(0.5000), tensor(-1.), tensor(-1.)]",150,1570563682.3726907,1271.9955421686172,"tensor(0.2262, requires_grad=True)","tensor(-0.4243, requires_grad=True)","tensor(0.1302, requires_grad=True)",
amortized_laplace,1570563671.7582529,"[tensor(0.5000), tensor(-1.), tensor(-1.)]",160,1570563683.1017556,1283.8607093691826,"tensor(0.2317, requires_grad=True)","tensor(-0.4346, requires_grad=True)","tensor(0.1338, requires_grad=True)",
amortized_laplace,1570563671.7582529,"[tensor(0.5000), tensor(-1.), tensor(-1.)]",170,1570563683.8318417,1312.0295321941376,"tensor(0.2563, requires_grad=True)","tensor(-0.4613, requires_grad=True)","tensor(0.1284, requires_grad=True)",
amortized_laplace,1570563671.7582529,"[tensor(0.5000), tensor(-1.), tensor(-1.)]",180,1570563684.5239923,1777.4769790172577,"tensor(0.2739, requires_grad=True)","tensor(-0.4897, requires_grad=True)","tensor(0.1458, requires_grad=True)",
amortized_laplace,1570563671.7582529,"[tensor(0.5000), tensor(-1.), tensor(-1.)]",190,1570563685.2071984,1308.2230314612389,"tensor(0.3106, requires_grad=True)","tensor(-0.5187, requires_grad=True)","tensor(0.1455, requires_grad=True)",
amortized_laplace,1570563671.7582529,"[tensor(0.5000), tensor(-1.), tensor(-1.)]",200,1570563685.8978589,1296.7572730183601,"tensor(0.3536, requires_grad=True)","tensor(-0.5575, requires_grad=True)","tensor(0.1661, requires_grad=True)",
amortized_laplace,1570563671.7582529,"[tensor(0.5000), tensor(-1.), tensor(-1.)]",210,1570563686.61497,1277.840828537941,"tensor(0.3760, requires_grad=True)","tensor(-0.5863, requires_grad=True)","tensor(0.1632, requires_grad=True)",
amortized_laplace,1570563671.7582529,"[tensor(0.5000), tensor(-1.), tensor(-1.)]",220,1570563687.3136091,1201.3421382904053,"tensor(0.3890, requires_grad=True)","tensor(-0.6291, requires_grad=True)","tensor(0.1558, requires_grad=True)",
amortized_laplace,1570563671.7582529,"[tensor(0.5000), tensor(-1.), tensor(-1.)]",230,1570563688.0491712,1251.9887837171555,"tensor(0.4016, requires_grad=True)","tensor(-0.6581, requires_grad=True)","tensor(0.1762, requires_grad=True)",
amortized_laplace,1570563671.7582529,"[tensor(0.5000), tensor(-1.), tensor(-1.)]",240,1570563688.745311,1122.0478132367134,"tensor(0.4209, requires_grad=True)","tensor(-0.6866, requires_grad=True)","tensor(0.1794, requires_grad=True)",
amortized_laplace,1570563671.7582529,"[tensor(0.5000), tensor(-1.), tensor(-1.)]",250,1570563689.4677558,1333.3252444267273,"tensor(0.4201, requires_grad=True)","tensor(-0.7174, requires_grad=True)","tensor(0.1923, requires_grad=True)",
amortized_laplace,1570563671.7582529,"[tensor(0.5000), tensor(-1.), tensor(-1.)]",260,1570563690.1469538,1717.8755625486374,"tensor(0.3965, requires_grad=True)","tensor(-0.7465, requires_grad=True)","tensor(0.1922, requires_grad=True)",
amortized_laplace,1570563671.7582529,"[tensor(0.5000), tensor(-1.), tensor(-1.)]",270,1570563690.8441036,1455.3287881612778,"tensor(0.4068, requires_grad=True)","tensor(-0.7729, requires_grad=True)","tensor(0.2013, requires_grad=True)",
amortized_laplace,1570563671.7582529,"[tensor(0.5000), tensor(-1.), tensor(-1.)]",280,1570563691.534259,1084.8877756595612,"tensor(0.4140, requires_grad=True)","tensor(-0.8102, requires_grad=True)","tensor(0.2178, requires_grad=True)",
amortized_laplace,1570563671.7582529,"[tensor(0.5000), tensor(-1.), tensor(-1.)]",290,1570563692.202507,1065.1514873504639,"tensor(0.4170, requires_grad=True)","tensor(-0.8395, requires_grad=True)","tensor(0.2429, requires_grad=True)",
amortized_laplace,1570563671.7582529,"[tensor(0.5000), tensor(-1.), tensor(-1.)]",300,1570563692.8363347,1158.7175547480583,"tensor(0.4092, requires_grad=True)","tensor(-0.8724, requires_grad=True)","tensor(0.2502, requires_grad=True)",
amortized_laplace,1570563671.7582529,"[tensor(0.5000), tensor(-1.), tensor(-1.)]",310,1570563693.561432,1304.2805536985397,"tensor(0.4266, requires_grad=True)","tensor(-0.9019, requires_grad=True)","tensor(0.2636, requires_grad=True)",
amortized_laplace,1570563671.7582529,"[tensor(0.5000), tensor(-1.), tensor(-1.)]",320,1570563694.250097,1390.4302195310593,"tensor(0.4334, requires_grad=True)","tensor(-0.9274, requires_grad=True)","tensor(0.2788, requires_grad=True)",
amortized_laplace,1570563671.7582529,"[tensor(0.5000), tensor(-1.), tensor(-1.)]",330,1570563694.9527254,1574.3826469182968,"tensor(0.4386, requires_grad=True)","tensor(-0.9491, requires_grad=True)","tensor(0.2915, requires_grad=True)",
amortized_laplace,1570563671.7582529,"[tensor(0.5000), tensor(-1.), tensor(-1.)]",340,1570563695.623964,1156.4704014658928,"tensor(0.4662, requires_grad=True)","tensor(-0.9737, requires_grad=True)","tensor(0.3066, requires_grad=True)",
amortized_laplace,1570563671.7582529,"[tensor(0.5000), tensor(-1.), tensor(-1.)]",350,1570563696.3255947,1184.99224203825,"tensor(0.4540, requires_grad=True)","tensor(-1.0004, requires_grad=True)","tensor(0.3158, requires_grad=True)",
amortized_laplace,1570563671.7582529,"[tensor(0.5000), tensor(-1.), tensor(-1.)]",360,1570563697.0028183,2501.2048486471176,"tensor(0.4700, requires_grad=True)","tensor(-1.0346, requires_grad=True)","tensor(0.3298, requires_grad=True)",
amortized_laplace,1570563671.7582529,"[tensor(0.5000), tensor(-1.), tensor(-1.)]",370,1570563697.7124293,1087.0566585063934,"tensor(0.4964, requires_grad=True)","tensor(-1.0723, requires_grad=True)","tensor(0.3262, requires_grad=True)",
amortized_laplace,1570563671.7582529,"[tensor(0.5000), tensor(-1.), tensor(-1.)]",380,1570563698.4265523,1097.4293993711472,"tensor(0.4948, requires_grad=True)","tensor(-1.1183, requires_grad=True)","tensor(0.3430, requires_grad=True)",
amortized_laplace,1570563671.7582529,"[tensor(0.5000), tensor(-1.), tensor(-1.)]",390,1570563699.111004,1192.567223906517,"tensor(0.4744, requires_grad=True)","tensor(-1.1604, requires_grad=True)","tensor(0.3635, requires_grad=True)",
amortized_laplace,1570563671.7582529,"[tensor(0.5000), tensor(-1.), tensor(-1.)]",400,1570563699.7954829,1054.2524038553238,"tensor(0.4692, requires_grad=True)","tensor(-1.1980, requires_grad=True)","tensor(0.3812, requires_grad=True)",
amortized_laplace,1570563671.7582529,"[tensor(0.5000), tensor(-1.), tensor(-1.)]",410,1570563700.494625,1066.5249962210655,"tensor(0.4785, requires_grad=True)","tensor(-1.2371, requires_grad=True)","tensor(0.3945, requires_grad=True)",
amortized_laplace,1570563671.7582529,"[tensor(0.5000), tensor(-1.), tensor(-1.)]",420,1570563701.1967807,1116.9768047332764,"tensor(0.5067, requires_grad=True)","tensor(-1.2642, requires_grad=True)","tensor(0.3847, requires_grad=True)",
amortized_laplace,1570563671.7582529,"[tensor(0.5000), tensor(-1.), tensor(-1.)]",430,1570563701.8824546,1482.3254960775375,"tensor(0.5456, requires_grad=True)","tensor(-1.2862, requires_grad=True)","tensor(0.3812, requires_grad=True)",
amortized_laplace,1570563671.7582529,"[tensor(0.5000), tensor(-1.), tensor(-1.)]",440,1570563702.5925899,1657.1356390714645,"tensor(0.5446, requires_grad=True)","tensor(-1.3141, requires_grad=True)","tensor(0.3881, requires_grad=True)",
amortized_laplace,1570563671.7582529,"[tensor(0.5000), tensor(-1.), tensor(-1.)]",450,1570563703.2782645,2055.395087838173,"tensor(0.5583, requires_grad=True)","tensor(-1.3421, requires_grad=True)","tensor(0.3936, requires_grad=True)",
amortized_laplace,1570563671.7582529,"[tensor(0.5000), tensor(-1.), tensor(-1.)]",460,1570563703.9591238,1135.6886261701584,"tensor(0.5693, requires_grad=True)","tensor(-1.3573, requires_grad=True)","tensor(0.3871, requires_grad=True)",
amortized_laplace,1570563671.7582529,"[tensor(0.5000), tensor(-1.), tensor(-1.)]",470,1570563704.6443083,1187.8419669866562,"tensor(0.5828, requires_grad=True)","tensor(-1.3819, requires_grad=True)","tensor(0.3885, requires_grad=True)",
amortized_laplace,1570563671.7582529,"[tensor(0.5000), tensor(-1.), tensor(-1.)]",480,1570563705.3025677,1046.530015707016,"tensor(0.5935, requires_grad=True)","tensor(-1.3959, requires_grad=True)","tensor(0.3732, requires_grad=True)",
amortized_laplace,1570563671.7582529,"[tensor(0.5000), tensor(-1.), tensor(-1.)]",490,1570563706.010703,1184.9551628828049,"tensor(0.5844, requires_grad=True)","tensor(-1.3970, requires_grad=True)","tensor(0.3509, requires_grad=True)",
amortized_laplace,1570563671.7582529,"[tensor(0.5000), tensor(-1.), tensor(-1.)]",500,1570563706.6520216,1400.91815751791,"tensor(0.5872, requires_grad=True)","tensor(-1.4148, requires_grad=True)","tensor(0.3395, requires_grad=True)",
meanfield,1570563707.5167115,"[tensor(0.5000), tensor(-1.), tensor(-1.)]",0,1570563707.5226958,3772.5064467191696,"tensor(0.0050, requires_grad=True)","tensor(-0.0050, requires_grad=True)","tensor(0.0050, requires_grad=True)",
meanfield,1570563707.5167115,"[tensor(0.5000), tensor(-1.), tensor(-1.)]",10,1570563707.582479,33993.46368998289,"tensor(0.0122, requires_grad=True)","tensor(-0.0550, requires_grad=True)","tensor(0.0549, requires_grad=True)",
meanfield,1570563707.5167115,"[tensor(0.5000), tensor(-1.), tensor(-1.)]",20,1570563707.6313484,2049.525904774666,"tensor(0.0449, requires_grad=True)","tensor(-0.1050, requires_grad=True)","tensor(0.1043, requires_grad=True)",
meanfield,1570563707.5167115,"[tensor(0.5000), tensor(-1.), tensor(-1.)]",30,1570563707.681214,5411.887003004551,"tensor(0.0702, requires_grad=True)","tensor(-0.1550, requires_grad=True)","tensor(0.1514, requires_grad=True)",
meanfield,1570563707.5167115,"[tensor(0.5000), tensor(-1.), tensor(-1.)]",40,1570563707.731106,3055.8037288188934,"tensor(0.0809, requires_grad=True)","tensor(-0.2050, requires_grad=True)","tensor(0.2009, requires_grad=True)",
meanfield,1570563707.5167115,"[tensor(0.5000), tensor(-1.), tensor(-1.)]",50,1570563707.780948,2524.7612715363503,"tensor(0.0811, requires_grad=True)","tensor(-0.2550, requires_grad=True)","tensor(0.2492, requires_grad=True)",
meanfield,1570563707.5167115,"[tensor(0.5000), tensor(-1.), tensor(-1.)]",60,1570563707.8318121,3720.0214874744415,"tensor(0.0970, requires_grad=True)","tensor(-0.3050, requires_grad=True)","tensor(0.2971, requires_grad=True)",
meanfield,1570563707.5167115,"[tensor(0.5000), tensor(-1.), tensor(-1.)]",70,1570563707.8836746,3971.677145719528,"tensor(0.1145, requires_grad=True)","tensor(-0.3550, requires_grad=True)","tensor(0.3446, requires_grad=True)",
meanfield,1570563707.5167115,"[tensor(0.5000), tensor(-1.), tensor(-1.)]",80,1570563707.9355345,3714.7255784273148,"tensor(0.1291, requires_grad=True)","tensor(-0.4050, requires_grad=True)","tensor(0.3927, requires_grad=True)",
meanfield,1570563707.5167115,"[tensor(0.5000), tensor(-1.), tensor(-1.)]",90,1570563707.9854288,1657.2407051324844,"tensor(0.1488, requires_grad=True)","tensor(-0.4550, requires_grad=True)","tensor(0.4418, requires_grad=True)",
meanfield,1570563707.5167115,"[tensor(0.5000), tensor(-1.), tensor(-1.)]",100,1570563708.0342715,9294.628442406654,"tensor(0.1355, requires_grad=True)","tensor(-0.5050, requires_grad=True)","tensor(0.4907, requires_grad=True)",
meanfield,1570563707.5167115,"[tensor(0.5000), tensor(-1.), tensor(-1.)]",110,1570563708.093631,3262.942193508148,"tensor(0.1364, requires_grad=True)","tensor(-0.5550, requires_grad=True)","tensor(0.5369, requires_grad=True)",
meanfield,1570563707.5167115,"[tensor(0.5000), tensor(-1.), tensor(-1.)]",120,1570563708.143524,3234.7540434598923,"tensor(0.1414, requires_grad=True)","tensor(-0.6050, requires_grad=True)","tensor(0.5836, requires_grad=True)",
meanfield,1570563707.5167115,"[tensor(0.5000), tensor(-1.), tensor(-1.)]",130,1570563708.1943872,5183.526135981083,"tensor(0.1411, requires_grad=True)","tensor(-0.6550, requires_grad=True)","tensor(0.6314, requires_grad=True)",
meanfield,1570563707.5167115,"[tensor(0.5000), tensor(-1.), tensor(-1.)]",140,1570563708.243893,43140.63583159447,"tensor(0.1464, requires_grad=True)","tensor(-0.7050, requires_grad=True)","tensor(0.6786, requires_grad=True)",
meanfield,1570563707.5167115,"[tensor(0.5000), tensor(-1.), tensor(-1.)]",150,1570563708.2947583,8636.403896212578,"tensor(0.1674, requires_grad=True)","tensor(-0.7547, requires_grad=True)","tensor(0.7270, requires_grad=True)",
meanfield,1570563707.5167115,"[tensor(0.5000), tensor(-1.), tensor(-1.)]",160,1570563708.3446486,5877.888332188129,"tensor(0.1991, requires_grad=True)","tensor(-0.8038, requires_grad=True)","tensor(0.7676, requires_grad=True)",
meanfield,1570563707.5167115,"[tensor(0.5000), tensor(-1.), tensor(-1.)]",170,1570563708.403467,9995.664537012577,"tensor(0.2118, requires_grad=True)","tensor(-0.8540, requires_grad=True)","tensor(0.8163, requires_grad=True)",
meanfield,1570563707.5167115,"[tensor(0.5000), tensor(-1.), tensor(-1.)]",180,1570563708.4563253,11150.036743998528,"tensor(0.2247, requires_grad=True)","tensor(-0.9042, requires_grad=True)","tensor(0.8632, requires_grad=True)",
meanfield,1570563707.5167115,"[tensor(0.5000), tensor(-1.), tensor(-1.)]",190,1570563708.5051959,7919.378149211407,"tensor(0.2263, requires_grad=True)","tensor(-0.9542, requires_grad=True)","tensor(0.9130, requires_grad=True)",
meanfield,1570563707.5167115,"[tensor(0.5000), tensor(-1.), tensor(-1.)]",200,1570563708.554091,8222.975570619106,"tensor(0.2328, requires_grad=True)","tensor(-1.0042, requires_grad=True)","tensor(0.9615, requires_grad=True)",
meanfield,1570563707.5167115,"[tensor(0.5000), tensor(-1.), tensor(-1.)]",210,1570563708.6129315,14599.923000574112,"tensor(0.2352, requires_grad=True)","tensor(-1.0543, requires_grad=True)","tensor(1.0064, requires_grad=True)",
meanfield,1570563707.5167115,"[tensor(0.5000), tensor(-1.), tensor(-1.)]",220,1570563708.6618009,11954.002309143543,"tensor(0.2529, requires_grad=True)","tensor(-1.1043, requires_grad=True)","tensor(1.0556, requires_grad=True)",
meanfield,1570563707.5167115,"[tensor(0.5000), tensor(-1.), tensor(-1.)]",230,1570563708.7106762,5545.610830545425,"tensor(0.2339, requires_grad=True)","tensor(-1.1543, requires_grad=True)","tensor(1.1019, requires_grad=True)",
meanfield,1570563707.5167115,"[tensor(0.5000), tensor(-1.), tensor(-1.)]",240,1570563708.758518,3293.505427479744,"tensor(0.2569, requires_grad=True)","tensor(-1.2043, requires_grad=True)","tensor(1.1506, requires_grad=True)",
meanfield,1570563707.5167115,"[tensor(0.5000), tensor(-1.), tensor(-1.)]",250,1570563708.807414,4633.160107970238,"tensor(0.2638, requires_grad=True)","tensor(-1.2543, requires_grad=True)","tensor(1.2000, requires_grad=True)",
meanfield,1570563707.5167115,"[tensor(0.5000), tensor(-1.), tensor(-1.)]",260,1570563708.8563092,6200.2286903858185,"tensor(0.2672, requires_grad=True)","tensor(-1.3043, requires_grad=True)","tensor(1.2490, requires_grad=True)",
meanfield,1570563707.5167115,"[tensor(0.5000), tensor(-1.), tensor(-1.)]",270,1570563708.9091423,17542.35790669918,"tensor(0.2662, requires_grad=True)","tensor(-1.3543, requires_grad=True)","tensor(1.2975, requires_grad=True)",
meanfield,1570563707.5167115,"[tensor(0.5000), tensor(-1.), tensor(-1.)]",280,1570563708.9580114,3621.4352082014084,"tensor(0.2523, requires_grad=True)","tensor(-1.4039, requires_grad=True)","tensor(1.3422, requires_grad=True)",
meanfield,1570563707.5167115,"[tensor(0.5000), tensor(-1.), tensor(-1.)]",290,1570563709.0068808,6981.502868950367,"tensor(0.2444, requires_grad=True)","tensor(-1.4539, requires_grad=True)","tensor(1.3913, requires_grad=True)",
meanfield,1570563707.5167115,"[tensor(0.5000), tensor(-1.), tensor(-1.)]",300,1570563709.0547776,5681.3104283213615,"tensor(0.2376, requires_grad=True)","tensor(-1.5040, requires_grad=True)","tensor(1.4388, requires_grad=True)",
meanfield,1570563707.5167115,"[tensor(0.5000), tensor(-1.), tensor(-1.)]",310,1570563709.1126287,2454.5926752090454,"tensor(0.2415, requires_grad=True)","tensor(-1.5532, requires_grad=True)","tensor(1.4828, requires_grad=True)",
meanfield,1570563707.5167115,"[tensor(0.5000), tensor(-1.), tensor(-1.)]",320,1570563709.1605096,9343.531224489212,"tensor(0.2555, requires_grad=True)","tensor(-1.6011, requires_grad=True)","tensor(1.5294, requires_grad=True)",
meanfield,1570563707.5167115,"[tensor(0.5000), tensor(-1.), tensor(-1.)]",330,1570563709.2083423,2312.9926824867725,"tensor(0.2514, requires_grad=True)","tensor(-1.6502, requires_grad=True)","tensor(1.5775, requires_grad=True)",
meanfield,1570563707.5167115,"[tensor(0.5000), tensor(-1.), tensor(-1.)]",340,1570563709.259231,3785.647088766098,"tensor(0.2697, requires_grad=True)","tensor(-1.6999, requires_grad=True)","tensor(1.6263, requires_grad=True)",
meanfield,1570563707.5167115,"[tensor(0.5000), tensor(-1.), tensor(-1.)]",350,1570563709.3080761,10025.316368997097,"tensor(0.2857, requires_grad=True)","tensor(-1.7496, requires_grad=True)","tensor(1.6761, requires_grad=True)",
meanfield,1570563707.5167115,"[tensor(0.5000), tensor(-1.), tensor(-1.)]",360,1570563709.3579712,3783.9743092656136,"tensor(0.3082, requires_grad=True)","tensor(-1.8001, requires_grad=True)","tensor(1.7227, requires_grad=True)",
meanfield,1570563707.5167115,"[tensor(0.5000), tensor(-1.), tensor(-1.)]",370,1570563709.4058392,3979.692800283432,"tensor(0.3250, requires_grad=True)","tensor(-1.8503, requires_grad=True)","tensor(1.7708, requires_grad=True)",
meanfield,1570563707.5167115,"[tensor(0.5000), tensor(-1.), tensor(-1.)]",380,1570563709.4547083,3289.7376806735992,"tensor(0.3301, requires_grad=True)","tensor(-1.8999, requires_grad=True)","tensor(1.8161, requires_grad=True)",
meanfield,1570563707.5167115,"[tensor(0.5000), tensor(-1.), tensor(-1.)]",390,1570563709.5025833,2549.2030481100082,"tensor(0.3276, requires_grad=True)","tensor(-1.9489, requires_grad=True)","tensor(1.8559, requires_grad=True)",
meanfield,1570563707.5167115,"[tensor(0.5000), tensor(-1.), tensor(-1.)]",400,1570563709.550453,9912.901081204414,"tensor(0.3207, requires_grad=True)","tensor(-1.9980, requires_grad=True)","tensor(1.8984, requires_grad=True)",
meanfield,1570563707.5167115,"[tensor(0.5000), tensor(-1.), tensor(-1.)]",410,1570563709.6072762,5015.879254817963,"tensor(0.3221, requires_grad=True)","tensor(-2.0475, requires_grad=True)","tensor(1.9452, requires_grad=True)",
meanfield,1570563707.5167115,"[tensor(0.5000), tensor(-1.), tensor(-1.)]",420,1570563709.6551726,2522.8566900491714,"tensor(0.3133, requires_grad=True)","tensor(-2.0950, requires_grad=True)","tensor(1.9900, requires_grad=True)",
meanfield,1570563707.5167115,"[tensor(0.5000), tensor(-1.), tensor(-1.)]",430,1570563709.7040408,5144.482514113188,"tensor(0.3192, requires_grad=True)","tensor(-2.1435, requires_grad=True)","tensor(2.0300, requires_grad=True)",
meanfield,1570563707.5167115,"[tensor(0.5000), tensor(-1.), tensor(-1.)]",440,1570563709.7509193,40921.649152457714,"tensor(0.3292, requires_grad=True)","tensor(-2.1888, requires_grad=True)","tensor(2.0762, requires_grad=True)",
meanfield,1570563707.5167115,"[tensor(0.5000), tensor(-1.), tensor(-1.)]",450,1570563709.7997992,4251.976498663425,"tensor(0.3292, requires_grad=True)","tensor(-2.2384, requires_grad=True)","tensor(2.1204, requires_grad=True)",
meanfield,1570563707.5167115,"[tensor(0.5000), tensor(-1.), tensor(-1.)]",460,1570563709.8476343,1191.3169759511948,"tensor(0.3273, requires_grad=True)","tensor(-2.2878, requires_grad=True)","tensor(2.1606, requires_grad=True)",
meanfield,1570563707.5167115,"[tensor(0.5000), tensor(-1.), tensor(-1.)]",470,1570563709.8965278,19958.927767693996,"tensor(0.3284, requires_grad=True)","tensor(-2.3339, requires_grad=True)","tensor(2.2061, requires_grad=True)",
meanfield,1570563707.5167115,"[tensor(0.5000), tensor(-1.), tensor(-1.)]",480,1570563709.946395,4126.113080859184,"tensor(0.3363, requires_grad=True)","tensor(-2.3832, requires_grad=True)","tensor(2.2493, requires_grad=True)",
meanfield,1570563707.5167115,"[tensor(0.5000), tensor(-1.), tensor(-1.)]",490,1570563709.997234,4078.041823387146,"tensor(0.3476, requires_grad=True)","tensor(-2.4343, requires_grad=True)","tensor(2.2924, requires_grad=True)",
meanfield,1570563707.5167115,"[tensor(0.5000), tensor(-1.), tensor(-1.)]",500,1570563710.0480983,4702.9228991270065,"tensor(0.3621, requires_grad=True)","tensor(-2.4815, requires_grad=True)","tensor(2.3388, requires_grad=True)",
